filename,prediction
image_001,class 1
image_002,class 3
image_003,class 3
image_004,class 1
image_005,class 3
image_006,class 1
image_007,class 3
image_008,class 2
image_009,class 1
image_010,class 3
image_011,class 1
image_012,class 1
image_013,class 3
image_014,class 3
image_015,class 1
image_016,class 1
image_017,class 1
image_018,class 1
image_019,class 1
image_020,class 1
image_021,class 3
image_022,class 1
image_023,class 3
image_024,class 3
image_025,class 3
image_026,class 3
image_027,class 1
image_028,class 3
image_029,class 1
image_030,class 3
image_031,class 1
image_032,class 1
image_033,class 1
image_034,class 1
image_035,class 1
image_036,class 1
image_037,class 1
image_038,class 1
image_039,class 3
image_040,class 3
image_041,class 3
image_042,class 1
image_043,class 3
image_044,class 2
image_045,class 1
image_046,class 3
image_047,class 1
image_048,class 1
image_049,class 1
image_050,class 1
image_051,class 1
image_052,class 3
image_053,class 1
image_054,class 1
image_055,class 2
image_056,class 2
image_057,class 1
image_058,class 1
image_059,class 3
image_060,class 3
image_061,class 1
image_062,class 3
image_063,class 1
image_064,class 3
image_065,class 1
image_066,class 3
image_067,class 1
image_068,class 1
image_069,class 1
image_070,class 3
image_071,class 3
image_072,class 1
image_073,class 1
image_074,class 1
image_075,class 1
image_076,class 1
image_077,class 2
image_078,class 1
image_079,class 1
image_080,class 1
image_081,class 3
image_082,class 3
image_083,class 2
image_084,class 3
image_085,class 1
image_086,class 2
image_087,class 3
image_088,class 1
image_089,class 1
image_090,class 1
image_091,class 1
image_092,class 1
image_093,class 2
image_094,class 1
image_095,class 2
image_096,class 1
image_097,class 1
image_098,class 3
image_099,class 1
image_100,class 2
image_101,class 1
image_102,class 1
image_103,class 1
image_104,class 3
image_105,class 3
image_106,class 3
image_107,class 1
image_108,class 3
image_109,class 1
image_110,class 1
image_111,class 1
image_112,class 1
image_113,class 1
image_114,class 1
image_115,class 2
image_116,class 1
image_117,class 3
image_118,class 1
image_119,class 1
image_120,class 1
image_121,class 3
image_122,class 1
image_123,class 1
image_124,class 1
image_125,class 1
image_126,class 1
image_127,class 3
image_128,class 3
image_129,class 1
image_130,class 1
image_131,class 1
image_132,class 3
image_133,class 3
image_134,class 2
image_135,class 1
image_136,class 2
image_137,class 3
image_138,class 3
image_139,class 3
image_140,class 3
image_141,class 2
image_142,class 1
image_143,class 2
image_144,class 3
image_145,class 3
image_146,class 1
image_147,class 1
image_148,class 3
image_149,class 1
image_150,class 1
image_151,class 1
image_152,class 1
image_153,class 3
image_154,class 1
image_155,class 3
image_156,class 1
image_157,class 2
image_158,class 3
image_159,class 3
image_160,class 2
image_161,class 2
image_162,class 1
image_163,class 1
image_164,class 1
image_165,class 2
image_166,class 1
image_167,class 2
image_168,class 3
image_169,class 1
image_170,class 1
image_171,class 3
image_172,class 1
image_173,class 1
image_174,class 1
image_175,class 3
image_176,class 1
image_177,class 1
image_178,class 1
image_179,class 3
image_180,class 1
image_181,class 3
image_182,class 3
image_183,class 1
image_184,class 3
image_185,class 1
image_186,class 3
image_187,class 3
image_188,class 2
image_189,class 3
image_190,class 1
image_191,class 1
image_192,class 3
image_193,class 1
image_194,class 1
image_195,class 1
image_196,class 1
image_197,class 1
image_198,class 3
image_199,class 1
image_200,class 1
image_201,class 2
image_202,class 1
image_203,class 1
image_204,class 3
image_205,class 1
image_206,class 2
image_207,class 1
image_208,class 1
image_209,class 1
image_210,class 2
image_211,class 3
image_212,class 3
image_213,class 2
image_214,class 3
image_215,class 3
image_216,class 2
image_217,class 1
image_218,class 3
image_219,class 3
image_220,class 2
image_221,class 1
image_222,class 3
image_223,class 1
image_224,class 1
image_225,class 1
image_226,class 1
image_227,class 1
image_228,class 1
image_229,class 3
image_230,class 1
image_231,class 3
image_232,class 2
image_233,class 1
image_234,class 3
image_235,class 1
image_236,class 3
image_237,class 2
image_238,class 3
image_239,class 3
image_240,class 1
image_241,class 1
image_242,class 3
image_243,class 1
image_244,class 3
image_245,class 3
image_246,class 2
image_247,class 1
image_248,class 1
image_249,class 1
image_250,class 1
image_251,class 1
image_252,class 3
image_253,class 1
image_254,class 1
image_255,class 1
image_256,class 1
image_257,class 1
image_258,class 1
image_259,class 1
image_260,class 1
image_261,class 1
image_262,class 1
image_263,class 3
image_264,class 1
image_265,class 1
image_266,class 1
image_267,class 2
image_268,class 1
image_269,class 1
image_270,class 1
image_271,class 1
image_272,class 1
image_273,class 3
image_274,class 2
image_275,class 2
image_276,class 1
image_277,class 1
image_278,class 1
image_279,class 3
image_280,class 3
image_281,class 1
image_282,class 1
image_283,class 1
image_284,class 3
image_285,class 1
image_286,class 1
image_287,class 3
image_288,class 1
image_289,class 3
image_290,class 1
image_291,class 1
image_292,class 3
image_293,class 3
image_294,class 1
image_295,class 1
image_296,class 1
image_297,class 3
image_298,class 1
image_299,class 1
image_300,class 1
